borough_name,website,site_name,os_addressbase_uprn,borough_code,address1,address2,address3,ward_2018_name,ward_2018_code,longitude,easting,latitude,northing,BOROUGH,Cultural Venue Type,gss_code,runtime
Ealing,https://www.nct.org.uk/,National Childbirth Trust,12102911,E09000009,Alexandra House ,Oldham Terrace,,South Acton,E05000188,-0.26973939538403474,519960.7685953658,51.505938426455245,180083.03872269462,Ealing,Archives,E09000009,11/27/2022
Ealing,https://www.ealing.gov.uk/info/201129/local_history/1888/local_history_centre/1,Ealing Local History Centre,12148296,E09000009,Central Library ,103 Ealing Broadway Centre ,The Broadway,Ealing Broadway,E05000173,-0.3023701174739078,517680.28850099834,51.51233211579817,180740.8467767918,Ealing,Archives,E09000009,11/27/2022
Hammersmith and Fulha,http://catholicunion.org.uk/,Catholic Union of Great Britain,34000250,E09000013,St Maximilian Kolbe House ,63 Jeddo Road,,Askew,E05000251,-0.2489180690435214,521409.44910615426,51.50441553910975,179948.10231324856,Ealing,Archives,E09000009,11/27/2022
Ealing,www.acava.org,Colville Rd,12093573,E09000009,Units 2 and 4,11 Colville Rd,,South Acton,E05000188,-0.27372393205347567,519701.8179071055,51.49926169325689,179334.17612402933,Ealing,Artists workspaces,E09000009,11/27/2022
Ealing,www.acava.org,Vale Grove,12155317,E09000009,Impress House,,,Southfield,E05000191,-0.2613360321905066,520544.6401474412,51.50562536135133,180062.05789943307,Ealing,Artists workspaces,E09000009,11/27/2022
Ealing,,,12175823,E09000009,Singapore Road,West Ealing,,Elthorne,E05000176,-0.32648898994059716,516010.71378343704,51.51091069767313,180544.24414197775,Ealing,Artists workspaces,E09000009,11/27/2022
Ealing,http://www.westlondonartfactory.com/about-us,,12187273,E09000009,135 Dukes Road,,,East Acton,E05000175,-0.2823962397938095,519035.9950879923,51.523803699480226,182048.63894758653,Ealing,Artists workspaces,E09000009,11/27/2022
Ealing,http://queensrollahouse.com/,Queensrolla House,12181846,E09000009,18 Trading Estate Road,,,East Acton,E05000175,-0.26921314428187104,519943.7970636092,51.526280789792715,182345.60604343662,Ealing,Artists workspaces,E09000009,11/27/2022
Ealing,www.acava.org,Park Royal,12105792,E09000009,Unit A/B,28 - 30 Park Royal Rd,,East Acton,E05000175,-0.2674167164349132,520066.7708942134,51.52689275256757,182416.59581070143,Ealing,Artists workspaces,E09000009,11/27/2022
Ealing,www.artistic-spaces.co.uk,52-56 Standard Road,12189460,E09000009,"Park Royal, London ",,,East Acton,E05000175,-0.2637877059509797,520314.71980151965,51.5283049079184,182579.57209543756,Ealing,Artists workspaces,E09000009,11/27/2022
Ealing,www.acava.org,Stewkley House,12181269,E09000009,2 Wadsworth Rd ,,,Perivale,E05000187,-0.3176310011458806,516560.610446597,51.536201949528795,183370.27583147754,Ealing,Artists workspaces,E09000009,11/27/2022
Ealing,,Vue Action,000012148223,E09000009,Royale Leisure Park,Western Ave,Park Royal,East Acton,E05000175,-0.27971974333580263,519328.0001221001,51.52520465509076,182155.00012210011,Ealing,Cinemas,E09000009,11/27/2022
Ealing,http://www.pitzhanger.org.uk/#,Pitzhanger Manor House & Gallery,12141314,E09000009,Walpole Park,Mattock Lane,NA,Walpole,E05000192,-0.30552857075153844,517576.0001221001,51.51039955309848,180467.00012210011,Ealing,Commercial galleries,E09000009,11/27/2022
Ealing,https://www.a2dominion.co.uk/locations/Havelock-Centre-Southall,Havelock Centre Southall,12148842,E09000009,17 Trubshaw Road, Southall,NA,Norwood Green,E05000186,-0.3643868226193756,513516.0001221001,51.5008209241457,179309.00012210011,Ealing,Community centres,E09000009,11/27/2022
Ealing,https://www.chg.org.uk/residents/supporting-communities/our-community-centres/,Friary Park Community Centre,12157376,E09000009,Joseph Ave, Friary Park, Acton,Acton Central,E05000170,-0.26185416486591656,520592.0001221001,51.51580395846753,181139.00012210011,Ealing,Community centres,E09000009,11/27/2022
Ealing,https://www.chg.org.uk/residents/supporting-communities/our-community-centres/,Jasmine Community Centre,12142322,E09000009,Jasmine Close, 88A Lancaster Road, Southall,Southall Broadway,E05000189,-0.3819477976560777,512263.0001221001,51.514770328620564,180833.00012210011,Ealing,Community centres,E09000009,11/27/2022
Ealing,https://www.chg.org.uk/residents/supporting-communities/our-community-centres/,Westcott Park Community Centre,12105368,E09000009,13 Ferguson Drive, Westcott Park, Acton,East Acton,E05000175,-0.2567652648526802,520939.0001221001,51.51808470294593,181401.00012210011,Ealing,Community centres,E09000009,11/27/2022
Ealing,https://www.chg.org.uk/residents/supporting-communities/our-community-centres/,Windmill Park Community Centre,12049219,E09000009,1 Tulip Close, Chevy Road, Windmill Park,Norwood Green,E05000186,-0.35188782412787034,514370.0001221001,51.50617682971507,179924.00012210011,Ealing,Community centres,E09000009,11/27/2022
Ealing,,Rectory Park Community Centre,12175709,E09000009,245 Rectory Park Avenue,Ealing,NA,Greenford Broadway,E05000177,-0.37761697107640546,512517.0001221001,51.5336143769659,182935.00012210011,Ealing,Community centres,E09000009,11/27/2022
Ealing,,Northfields Community Centre,12002196,E09000009,Northcroft Road,Ealing,NA,Northfield,E05000182,-0.3178264210786643,516748.0001221001,51.500513014963026,179348.00012210011,Ealing,Community centres,E09000009,11/27/2022
Ealing,www.hanwellcc.co.uk,Hanwell Community Centre,12020472,E09000009,Westcott Crescent,Ealing,NA,Hobbayne,E05000180,-0.3340395758808216,515572.0001221001,51.52059277839814,181555.00012210011,Ealing,Community centres,E09000009,11/27/2022
Ealing,,Greenford Community Centre,12053972,E09000009,170 Oldfield Lane South,Ealing,NA,Greenford Green,E05000178,-0.3473134614749708,514616.0001221001,51.53461227626777,183093.00012210011,Ealing,Community centres,E09000009,11/27/2022
Ealing,www.perivale-community-centre.org.uk,Perivale Community Centre,12141327,E09000009,Horsenden Lane South,Ealing,NA,Perivale,E05000187,-0.32361930880795214,516244.0001221001,51.54054439058659,183790.00012210011,Ealing,Community centres,E09000009,11/27/2022
Ealing,,Viking Community Centre,12141328,E09000009,Radcliffe Way,Ealing,NA,Northolt West End,E05000185,-0.3910781359899254,511586.0001221001,51.53258569456298,182800.00012210011,Ealing,Community centres,E09000009,11/27/2022
Ealing,,Islip Manor Youth and Community Centre,12141329,E09000009,Arnold Road,Ealing,NA,Northolt Mandeville,E05000184,-0.3767961945458964,512538.0001221001,51.54817210040352,184555.00012210011,Ealing,Community centres,E09000009,11/27/2022
Ealing,,Northolt Village Community Centre,12141331,E09000009,Ealing Road,Ealing,NA,Northolt Mandeville,E05000184,-0.3699013058232787,513027.0001221001,51.54373275465424,184072.00012210011,Ealing,Community centres,E09000009,11/27/2022
Ealing,,Northolt Grange Community Centre,12142395,E09000009,Rushdene Crescent,Ealing,NA,Northolt West End,E05000185,-0.40068416287027614,510912.0001221001,51.53580174170103,183143.00012210011,Ealing,Community centres,E09000009,11/27/2022
Ealing,,The Lido Centre,12160743,E09000009,63 Mattock Lane,Ealing,NA,Walpole,E05000192,-0.3172585564025207,516764.0001221001,51.50966911111024,180367.00012210011,Ealing,Community centres,E09000009,11/27/2022
Ealing,,Golf Link Community Centre,12188291,E09000009,Fleming Road,Ealing,NA,Dormers Wells,E05000172,-0.35599775949283,514058.0001221001,51.51690958825908,181111.00012210011,Ealing,Community centres,E09000009,11/27/2022
Ealing,,High Lane Porta Cabin,12142398,E09000009,Hobbayne Road,Ealing,NA,Hobbayne,E05000180,-0.34425124515637456,514868.0001221001,51.51885777719743,181346.00012210011,Ealing,Community centres,E09000009,11/27/2022
Ealing,,Acton Vale,12141413,E09000009,Beech Avenue,Ealing,NA,East Acton,E05000175,-0.25249930363629314,521264.0001221001,51.50713917041697,180191.00012210011,Ealing,Community centres,E09000009,11/27/2022
Ealing,,Gainsborough Tower Resource Centre,12141412,E09000009,Academy Gardens,Ealing,NA,Northolt West End,E05000185,-0.3864366773218705,511902.0001221001,51.53498609241703,183074.00012210011,Ealing,Community centres,E09000009,11/27/2022
Ealing,,Gurnell Grove Community Centre,12141349,E09000009,Gurnell Grove,Ealing,NA,Cleveland,E05000171,-0.33083062934247187,515780.0001221001,51.526347851795464,182200.00012210011,Ealing,Community centres,E09000009,11/27/2022
Ealing,,Buckingham Avenue Community Centre,12141345,E09000009,Buckingham Avenue,Ealing,NA,Perivale,E05000187,-0.3197563377594931,516515.0001221001,51.539310997833596,183659.00012210011,Ealing,Community centres,E09000009,11/27/2022
Ealing,,Copley Close Community Shop,12062573,E09000009,187 Copley Close,Ealing,NA,Cleveland,E05000171,-0.33070637164130745,515798.0001221001,51.522649825533726,181789.00012210011,Ealing,Community centres,E09000009,11/27/2022
Ealing,,West Acton Community Centre,12141330,E09000009,Churchill Gardens,Ealing,NA,Acton Central,E05000170,-0.27860933105868335,519428.0001221001,51.51641981023108,181180.00012210011,Ealing,Community centres,E09000009,11/27/2022
Ealing,http://www.williamhobbaynecharity.co.uk/,The William Hobbayne Centre,12179422,E09000009,St Dunstans Road,Ealing,NA,Elthorne,E05000176,-0.3365562346703972,515435.0001221001,51.5057265369754,179898.00012210011,Ealing,Community centres,E09000009,11/27/2022
Ealing,https://www.chg.org.uk/residents/supporting-communities/our-community-centres/,Leamington Park/Orchard Lodge Community Centre,12157345,E09000009,Jenner Avenue, Leamington Park, Acton,East Acton,E05000175,-0.25839738822960767,520822.0001221001,51.51951192323861,181557.00012210011,Ealing,Community centres,E09000009,11/27/2022
Ealing,,Havelock Community Shop,12038325,E09000009,39 Hunt Road,Southall,Middlesex,Norwood Green,E05000186,-0.3706867033235955,513077.0001221001,51.501547148077094,179380.00012210011,Ealing,Community centres,E09000009,11/27/2022
Ealing,,Open Ealing,12175823,E09000009,Open Ealing,Singapore Road,West Ealing,Elthorne,E05000176,-0.3249272761100282,516230.04010009766,51.510403123768285,180436.41009519994,Ealing,Creative co-working desk space,E09000009,11/27/2022
Ealing,www.artistic-spaces.co.uk,Artistic Spaces Ltd,12124954,E09000009,52-56 Standard Road,"Park Royal, London",,,,-0.2643587009551926,520388.0001221001,51.527271664264546,182410.00012210011,Ealing,Creative workspaces,E09000009,11/27/2022
Hounslow,http://www.tabardtheatre.co.uk,The Tabard Theatre,200002818754,E09000018,2 Bath Road,,,Chiswick Homefields,E05000348,-0.2546414211946523,521035.460042817,51.49569248973641,178968.76989342878,Ealing,Dance performance venues,E09000009,11/27/2022
Ealing,http://www.uwl.ac.uk,West London University,12153715,E09000009,St Mary's Rd,,,Ealing Common,E05000174,-0.30468838817849886,517534.3111323564,51.50656546830447,180095.9682687649,Ealing,Dance performance venues,E09000009,11/27/2022
Ealing,http://www.brentsidehigh.ealing.sch.uk,Brentside,12141082,E09000009,377 Greenford Avenue,,,Hobbayne,E05000180,-0.33995692960790874,515036.92637248,51.52655631417004,182262.47095681867,Ealing,Dance performance venues,E09000009,11/27/2022
Ealing,http://www.questors.org.uk,Questor's Theatre,12084402,E09000009,12 Mattock Lane,,,Walpole,E05000192,-0.30965662431520685,517176.407127736,51.51170888596852,180659.8430943266,Ealing,Dance performance venues,E09000009,11/27/2022
Ealing,http://www.ephs.ealing.sch.uk,Elthorne Park High School,12141191,E09000009,Westlea Road,,,Elthorne,E05000176,-0.3308430927906306,515734.70931502676,51.50062772720141,179394.06241821888,Ealing,Dance rehearsal studios,E09000009,11/27/2022
Ealing,www.innovationdancestudios.co.uk/ealing-dance-studio/studio-hire/,"Innovation Dance Studios, Ealing",12185360,E09000009,96 Pitshanger Lane,,,Cleveland,E05000171,-0.31383265081873674,516849.51803630614,51.526228807079676,182267.5084288644,Ealing,Dance rehearsal studios,E09000009,11/27/2022
Hounslow,https://artsed.co.uk,The Arts Educational London Schools Theatre,200002818756,E09000018,14 Bath Road,,,Chiswick Homefields,E05000348,-0.2524116936930793,521189.4864624847,51.4959606390589,179002.27734674787,Ealing,Dance rehearsal studios,E09000009,11/27/2022
Hounslow,http://www.tabardtheatre.co.uk,The Tabard Theatre,200002818754,E09000018,2 Bath Road,,,Chiswick Homefields,E05000348,-0.2546414211946523,521035.460042817,51.49569248973641,178968.76989342878,Ealing,Dance rehearsal studios,E09000009,11/27/2022
Ealing,http://www.uwl.ac.uk,West London University,12153715,E09000009,St Mary's Rd,,,Ealing Common,E05000174,-0.30468838817849886,517534.3111323564,51.50656546830447,180095.9682687649,Ealing,Dance rehearsal studios,E09000009,11/27/2022
Ealing,http://www.brentsidehigh.ealing.sch.uk,Brentside,12141082,E09000009,377 Greenford Avenue,,,Hobbayne,E05000180,-0.33995692960790874,515036.92637248,51.52655631417004,182262.47095681867,Ealing,Dance rehearsal studios,E09000009,11/27/2022
Ealing,http://www.questors.org.uk,Questor's Theatre,12084402,E09000009,12 Mattock Lane,,,Walpole,E05000192,-0.30965662431520685,517176.407127736,51.51170888596852,180659.8430943266,Ealing,Dance rehearsal studios,E09000009,11/27/2022
Ealing,https://www.sample-studio.co.uk,Sample Studio,12105583,E09000009,10B Cullen Way,,,East Acton,E05000175,-0.26519345904335817,520225.7338746445,51.52507938938114,182218.6383883588,Ealing,Fashion and design,E09000009,11/27/2022
Ealing,https://en-gb.facebook.com/GoshaLondonLTD/,Gosha London,12133365,E09000009,Suite 52 Park Royal Business Centre,9-17 Park Royal Road,,East Acton,E05000175,-0.2658628270717954,520177.7451245052,51.525673796676834,182283.62457193376,Ealing,Fashion and design,E09000009,11/27/2022
Ealing,https://zakeeshariff.com,Zakee Shariff Art and Design Limited,12105556,E09000009,18 Trading Estate Road,,,East Acton,E05000175,-0.26921314428187104,519943.7970636092,51.526280789792715,182345.60604343662,Ealing,Fashion and design,E09000009,11/27/2022
Ealing,,Allauddin Jewellery Limited,12029842,E09000009,60 South Road,Southall,,Southall Broadway,E05000189,-0.3756027942048466,512718.0001221001,51.508774022117166,180176.00012210011,Ealing,Jewellery design,E09000009,11/27/2022
Ealing,,Diamond Jewellers Ltd,12029881,E09000009,215 The Broadway,Southall,,Southall Broadway,E05000189,-0.3851303817878195,512049.0001221001,51.51199929322299,180520.00012210011,Ealing,Jewellery design,E09000009,11/27/2022
Ealing,,Factory Business Solutions Ltd,12072619,E09000009,158 Uxbridge Road,,,Ealing Broadway,E05000173,-0.3175406882514098,516742.0001221001,51.51061746196753,180472.00012210011,Ealing,Jewellery design,E09000009,11/27/2022
Ealing,,Foley Trading Company Ltd,12072294,E09000009,14 Alexandria Road,,,Elthorne,E05000176,-0.3209172121089325,516504.0001221001,51.512077810093686,180629.00012210011,Ealing,Jewellery design,E09000009,11/27/2022
Ealing,,Gold Garden Limited,10091874777,E09000009,Unit 1-2,Belvue Business Centre,,Northolt Mandeville,E05000184,-0.35993651473132726,513714.0001221001,51.54529359295478,184261.00012210011,Ealing,Jewellery design,E09000009,11/27/2022
Ealing,,Shk Golden Services Limited,12024565,E09000009,281 The Broadway,Southall,,Southall Broadway,E05000189,-0.38810354566538435,511842.0001221001,51.51229200579387,180548.00012210011,Ealing,Jewellery design,E09000009,11/27/2022
Ealing,http://filmlondon.org.uk/ealing-studios#,Ealing Studios,000012169761,E09000009,Ealing Green ,,Ealing,Walpole,E05000192,-0.306211193432049,517535.0001221001,51.50792724247732,180191.00012210011,Ealing,Large media production studios,E09000009,11/27/2022
Ealing,http://www.west5ealing.co.uk/contact.html,West 5 ,,E09000009,Popes Lane,South Ealing,,Ealing Common,E05000174,-0.30454612909318574,517562.8936625481,51.499297968411184,179288.1827323251,Ealing,LGBT+ night time venues,E09000009,11/27/2022
Ealing,,Northfields Library,12004049,E09000009,Northfield Avenue,Ealing,,Northfield,E05000182,-0.31258285297182986,517117.0001221001,51.498522089363604,179135.00012210011,Ealing,Libraries,E09000009,11/27/2022
Ealing,,Southall Library (Dominion Centre and Library),12020455,E09000009,Osterley Park Road,Southall,,Norwood Green,E05000186,-0.3775706408866525,512596.0001221001,51.5028746727058,179517.00012210011,Ealing,Libraries,E09000009,11/27/2022
Ealing,,Acton Town Hall Library,12180771,E09000009,High Street,Acton,,South Acton,E05000188,-0.26632407044214,520308.0001221001,51.50589642251715,180030.00012210011,Ealing,Libraries,E09000009,11/27/2022
Ealing,,West Ealing Library,12002863,E09000009,Melbourne Avenue,West Ealing,,Walpole,E05000192,-0.32296211560002375,516370.0001221001,51.5089863747899,180282.00012210011,Ealing,Libraries,E09000009,11/27/2022
Ealing,,Hanwell Library,12001465,E09000009,Cherington Road,Hanwell,,Elthorne,E05000176,-0.3345336470065891,515566.0001221001,51.509421076503564,180312.00012210011,Ealing,Libraries,E09000009,11/27/2022
Ealing,,Ealing Central Library,12148296,E09000009,The Broadway,Ealing,,Ealing Broadway,E05000173,-0.30080585830313344,517900.0001221001,51.51182412233895,180633.00012210011,Ealing,Libraries,E09000009,11/27/2022
Ealing,,Jubilee Gardens Library,12000640,E09000009,Jubilee Gardens,Southall,,Lady Margaret,E05000181,-0.36792630582305313,513221.0001221001,51.52072746535537,181517.00012210011,Ealing,Libraries,E09000009,11/27/2022
Ealing,,Pitshanger Library,12132976,E09000009,Pitshanger Lane,Ealing,,Cleveland,E05000171,-0.3123537302508332,517064.0001221001,51.5253909662938,182123.00012210011,Ealing,Libraries,E09000009,11/27/2022
Ealing,,Greenford Library,12001186,E09000009,Oldfield Lane South,Greenford,,Greenford Broadway,E05000177,-0.35367679486843284,514188.0001221001,51.52930578169849,182493.00012210011,Ealing,Libraries,E09000009,11/27/2022
Ealing,,Northolt Library,12140961,E09000009,Church Road,Northolt,,Northolt West End,E05000185,-0.38385276906297605,512071.0001221001,51.53913238529533,183539.00012210011,Ealing,Libraries,E09000009,11/27/2022
Ealing,,Perivale Library,12003797,E09000009,Horsenden Lane South,Perivale,,Perivale,E05000187,-0.32248201001428634,516324.0001221001,51.54009645320891,183742.00012210011,Ealing,Libraries,E09000009,11/27/2022
Ealing,,Northolt Leisure Centre Library,12173354,E09000009,Eastcote Lane North,Northolt,,Northolt Mandeville,E05000184,-0.3669205067274702,513222.0900878981,51.54839666061428,184595.2100829929,Ealing,Libraries,E09000009,11/27/2022
Ealing,,Wood End Library,12001293,E09000009,Whitton Avenue West,Greenford,,North Greenford,E05000183,-0.34828916466953797,514504.0001221001,51.55227084142402,185055.00012210011,Ealing,Libraries,E09000009,11/27/2022
Ealing,,Exceptional Records Ltd,12106833,E09000009,4 Fielding Road,Ealing,,Southfield,E05000191,-0.2520550264817478,521314.000122197,51.49991981001529,179389.00012169778,Ealing,Music (office based businesses),E09000009,11/27/2022
Ealing,,130701 Ltd,12142759,E09000009,12 Swainson Road,Ealing,,East Acton,E05000175,-0.2481581175497143,521571.000122197,51.50496993501266,179957.00012169778,Ealing,Music (office based businesses),E09000009,11/27/2022
Ealing,www.sokorecords.com,Soko Records,12159772,E09000009,Ealing ,,,Southfield,E05000191,-0.2540927960896982,521160.000122197,51.50466272995146,179913.00012169778,Ealing,Music (office based businesses),E09000009,11/27/2022
Ealing,www.cookingvinyl.com,Cooking Vinyl Ltd,12142759,E09000009,12 Swainson Road,Ealing,,East Acton,E05000175,-0.2481581175497143,521571.000122197,51.50496993501266,179957.00012169778,Ealing,Music (office based businesses),E09000009,11/27/2022
Ealing,,Repeat Performance Multimedia Ltd,12095262,E09000009,44 Chatsworth Gardens,Ealing,,South Acton,E05000188,-0.27506020280900584,519693.000122197,51.509253882482824,180389.00012169778,Ealing,Music (office based businesses),E09000009,11/27/2022
Ealing,,M Dynasty Records Ltd,12175306,E09000009,22 Uxbridge Road,Ealing,,Ealing Broadway,E05000173,-0.3082391250514257,517383.0001221001,51.51231829965203,180676.00012169778,Ealing,Music (office based businesses),E09000009,11/27/2022
Ealing,,Dee O'reilly Management Ltd,12074064,E09000009,17 Kingsley Avenue,Ealing,,Cleveland,E05000171,-0.3257522219700885,516151.0001221001,51.518972883038685,181388.00012169778,Ealing,Music (office based businesses),E09000009,11/27/2022
Ealing,,Keystone Records Ltd,12074064,E09000009,17 Kingsley Avenue,Ealing,,Cleveland,E05000171,-0.3257522219700885,516151.0001221001,51.518972883038685,181388.00012169778,Ealing,Music (office based businesses),E09000009,11/27/2022
Ealing,,Kavanagh Management Ltd,12085422,E09000009,8 Mount Avenue,Ealing,,Ealing Broadway,E05000173,-0.30823406394123376,517360.0001221001,51.521401522525395,181686.00012169778,Ealing,Music (office based businesses),E09000009,11/27/2022
Ealing,,Tiger Books Ltd,12085578,E09000009,18 Thirlmere Avenue,Ealing,,Perivale,E05000187,-0.3125205786874834,517033.0001221001,51.53296575958512,182965.00012169778,Ealing,Music (office based businesses),E09000009,11/27/2022
Ealing,,Blueshift Records Ltd,12045056,E09000009,4 Marley Close,Ealing,,Greenford Broadway,E05000177,-0.36919988854866975,513100.0001221001,51.53390235640504,182980.00012169778,Ealing,Music (office based businesses),E09000009,11/27/2022
Ealing,www.signumrecords.com,Signum Records,0,E09000009,14 Wadsworth Business Centre,21 Wadsworth Rd,Perivale,Perivale,E05000187,-0.3109321856392904,517134.0001221001,51.536531238236606,183364.00012169778,Ealing,Music (office based businesses),E09000009,11/27/2022
Ealing,https://www.factorystudios.co.uk/,Fish Factory,,,Unit 4A - 4B Westpoint,39-40 Warple Way,,,,-0.253813388704837,521181.65830139816,51.50380726215551,179818.3413648978,Ealing,Music recording studios,E09000009,11/27/2022
Ealing,http://www.fxgroup.net,Fx Rentals Ltd,12117562,E09000009,38-40 Telford Way,Ealing,,East Acton,E05000175,-0.25307309954301227,521190.000122197,51.520017310962906,181622.00012169778,Ealing,Music recording studios,E09000009,11/27/2022
Ealing,www.bellstudios.co.uk,Bell Studios,12098715,E09000009,42891 Greenock Road,Ealing,,South Acton,E05000188,-0.270848107159923,520015.000122197,51.49793209039415,179137.00012169778,Ealing,Music rehearsal studios,E09000009,11/27/2022
Ealing,www.bigbaggybounce.com,Big Baggy Bounce,12149809,E09000009,54-58 Stanley Gardens,Ealing,,Southfield,E05000191,-0.2550876154067909,521091.000122197,51.50465055639808,179910.00012169778,Ealing,Music rehearsal studios,E09000009,11/27/2022
Ealing,http://www.cartelstudios.co.uk/,Cartel Studios,12117050,E09000009,203-205 The Vale,Ealing,,Southfield,E05000191,-0.25742737457835824,520926.000122197,51.505647645025505,180017.00012169778,Ealing,Music rehearsal studios,E09000009,11/27/2022
Ealing,www.survivalstudios.co.uk,Survival Studios,12150052,E09000009,Unit B12-B20 Acton Business Centre,School Road,Ealing,East Acton,E05000175,-0.25685256618204494,520914.000122197,51.525235761447654,182196.00012169778,Ealing,Music rehearsal studios,E09000009,11/27/2022
Ealing,www.panic-music.co.uk,Panic Music,0,E09000009,14 Trading Estate Road ,,,East Acton,E05000175,-0.2671947719519196,520195.000122197,51.52586566136011,182249.00012169778,Ealing,Music rehearsal studios,E09000009,11/27/2022
Ealing,http://soundstagestudios.co.uk/,Soundstage Studio,12017372,E09000009,Unit 1 Acorn Centre 30-34,Gorst Road,Ealing,East Acton,E05000175,-0.26243320942089293,520523.000122197,51.52672153846278,182352.00012169778,Ealing,Music rehearsal studios,E09000009,11/27/2022
Ealing,www.ploughinnnorwoodgreen.co.uk,Plough,12126106,E09000009,Tentelow Lane Ealing,,,Norwood Green,E05000186,-0.3645382256134785,513522.0001221001,51.494176963496706,178570.00012169778,Ealing,Music venues (all),E09000009,11/27/2022
Ealing,www.ealingparktavern.co.uk,Ealing Park Tavern,12080010,E09000009,222 South Ealing Road,Hounslow,,Northfield,E05000182,-0.30451300649696433,517686.0001221001,51.495051152176806,178762.00012169778,Ealing,Music venues (all),E09000009,11/27/2022
Ealing,www.sizzlingpubs.co.uk/findapub/london/thecrownnortholt,Lamb,12025543,E09000009,137 Norwood Road,Ealing,,Norwood Green,E05000186,-0.37417462918904976,512847.0001221001,51.4966672169113,178832.00012169778,Ealing,Music venues (all),E09000009,11/27/2022
Ealing,www.thebollohouse.com,Bollo House,12097755,E09000009,13 Bollo Lane,Ealing,,Southfield,E05000191,-0.2684854016297581,520186.000122197,51.495262150503955,178844.00012169778,Ealing,Music venues (all),E09000009,11/27/2022
Ealing,www.ploughnorthfields.co.uk,Plough,12153213,E09000009,297 Northfield Avenue,Ealing,,Northfield,E05000182,-0.3109945059113641,517232.0001221001,51.49666457182133,178931.00012169778,Ealing,Music venues (all),E09000009,11/27/2022
Ealing,www.thenewinnealing.com,New Inn,12083098,E09000009,62 St. Marys Road,Ealing,,Walpole,E05000192,-0.30421661058236527,517682.0001221001,51.504588853363494,179823.00012169778,Ealing,Music venues (all),E09000009,11/27/2022
Ealing,,The Prince Of Wales,12126407,E09000009,62 Boston Road,Ealing,,Elthorne,E05000176,-0.33585928996258707,515483.0001221001,51.50586953611103,179915.00012169778,Ealing,Music venues (all),E09000009,11/27/2022
Ealing,www.castleealing.co.uk,Castle,12083156,E09000009,36 St. Marys Road,Ealing,,Walpole,E05000192,-0.30394510478791553,517698.0001221001,51.50569111308741,179946.00012169778,Ealing,Music venues (all),E09000009,11/27/2022
Ealing,www.bestspread.info,George & Dragon,12103477,E09000009,183-185 High Street,Ealing,,South Acton,E05000188,-0.270227217751543,520035.000122197,51.50671850049226,180115.00012169778,Ealing,Music venues (all),E09000009,11/27/2022
Ealing,www.draytoncourtlondon.co.uk,Drayton Court,12142024,E09000009,2 The Avenue,Ealing,,Ealing Broadway,E05000173,-0.31774567077878035,516720.0001221001,51.51366015781297,180810.00012169778,Ealing,Music venues (all),E09000009,11/27/2022
Ealing,www.ealingclub.com,The Red Room (Aka The Ealing Jazz Club),12133012,E09000009,42 The Broadway,Ealing,,Ealing Broadway,E05000173,-0.30094467574823447,517885.0001221001,51.51390360326917,180864.00012169778,Ealing,Music venues (all),E09000009,11/27/2022
Ealing,www.dukeofkent.co.uk,Duke Of Kent,12076416,E09000009,2 Scotch Common,Ealing,,Cleveland,E05000171,-0.31869169163900896,516626.0001221001,51.5247625218342,182043.00012169778,Ealing,Music venues (all),E09000009,11/27/2022
Ealing,,The Cave Gallery,12109500,E09000009,Westwood Business Centre 98,Victoria Road,Ealing,East Acton,E05000175,-0.2535840797307341,521141.000122197,51.52512418558664,182189.00012169778,Ealing,Music venues (all),E09000009,11/27/2022
Ealing,,Crown,12141051,E09000009,Ealing Road Ealing,,,Northolt Mandeville,E05000184,-0.3690635269760927,513084.0001221001,51.544170773345876,184122.00012169778,Ealing,Music venues (all),E09000009,11/27/2022
Ealing,www.blackhorsegreenford.co.uk,Black Horse,12054776,E09000009,425 Oldfield Lane North,Ealing,,Greenford Green,E05000178,-0.3429776870830596,514885.0001221001,51.54718668432171,184498.00012169778,Ealing,Music venues (all),E09000009,11/27/2022
Ealing,www.ealingclub.com,The Red Room (Aka The Ealing Jazz Club),12133012,E09000009,42 The Broadway,Ealing,,Ealing Broadway,E05000173,-0.30094467574823447,517885.0001221001,51.51390360326917,180864.00012169778,Ealing,Music venues (grassroots),E09000009,11/27/2022
Ealing,http://www.arthousehire.com,Art House Hire,12157848,E09000009,7 Morris House,Swainson Road,,East Acton,E05000175,-0.2473629443538189,521627.0001221001,51.504661269816324,179924.00012210011,Ealing,Prop and costume making,E09000009,11/27/2022
Ealing,http://chinaandco.com,China & Co Props Hire ,12140803,E09000009,Acton Park Industial Estate,32 The Vale,,Southfield,E05000191,-0.25725591207374815,520939.0001221001,51.50523139917173,179971.00012210011,Ealing,Prop and costume making,E09000009,11/27/2022
Ealing,http://classicprophire.com,Classic Prop Hire,12021676,E09000009,International Trading Estate,11-12  Trident Way,,Southall Green,E05000190,-0.39989792695617093,511055.0001221001,51.4994132496525,179098.00012210011,Ealing,Prop and costume making,E09000009,11/27/2022
Ealing,http://electroprops.co.uk,Electro Props,12179013,E09000009,17 B & C Aintree Road,,,Perivale,E05000187,-0.3148271573884876,516861.0001221001,51.537666457871595,183484.00012210011,Ealing,Prop and costume making,E09000009,11/27/2022
Ealing,https://www.farley.co.uk,Farley Prop Hire,12139149,E09000009,1-21  Brunel Road,,,East Acton,E05000175,-0.2503152434089221,521384.0001221001,51.5190049110638,181514.00012210011,Ealing,Prop and costume making,E09000009,11/27/2022
Ealing,https://www.foxtrotcostumeandprops.co.uk/,Foxtrot Costume and Props Ltd,12150243,E09000009,3B  Brassie Avenue,,,East Acton,E05000175,-0.24866606766638719,521509.0001221001,51.515023188963895,181074.00012210011,Ealing,Prop and costume making,E09000009,11/27/2022
Ealing,http://www.getsethire.co.uk,Get Set Hire,12008467,E09000009,Unit 5a & 5b Heron Trading Estate,Alliance Road,,East Acton,E05000175,-0.27263393294803623,519824.0001221001,51.52348170339256,181975.00012210011,Ealing,Prop and costume making,E09000009,11/27/2022
Ealing,http://www.industriallights.co.uk,Industrial Lights,12142952,E09000009,The Waterside Trading Centre,90-95 Trumpers Way,,Elthorne,E05000176,-0.3402435376362027,515191.0001221001,51.501021299886006,179369.00012210011,Ealing,Prop and costume making,E09000009,11/27/2022
Ealing,http://menatwork.co.uk/contact/,Men At Work ,12142952,E09000009,Waterside Centre,90-95 Trumpers Way,,Elthorne,E05000176,-0.3402435376362027,515191.0001221001,51.501021299886006,179369.00012210011,Ealing,Prop and costume making,E09000009,11/27/2022
Ealing,,Royal,,E09000009,Boston Road,Hanwell,,Northfield,E05000182,-0.3250015995528789,516257.0001221001,51.49778281026171,179033.00012210011,Ealing,Pubs,E09000009,11/27/2022
Ealing,,Common,,E09000009,Old Oak Lane,Willesden Junction,,East Acton,E05000175,-0.24740745334142297,521559.0001221001,51.52903412178421,182634.00012210011,Ealing,Pubs,E09000009,11/27/2022
Ealing,,Fishermans Arms,,E09000009,50 Old Oak Lane,Harlesden,London,East Acton,E05000175,-0.24688978228315842,521592.0001221001,51.53012358149493,182756.00012210011,Ealing,Pubs,E09000009,11/27/2022
Ealing,,Plough,,E09000009,89 North Road,Southall,,Dormers Wells,E05000172,-0.3714594058842851,512995.0001221001,51.51301535951875,180654.00012210011,Ealing,Pubs,E09000009,11/27/2022
Ealing,,Red Lion Hotel,,E09000009,100 High Street,Southall,,Southall Broadway,E05000189,-0.3698509656500984,513114.0001221001,51.510025222840994,180324.00012210011,Ealing,Pubs,E09000009,11/27/2022
Ealing,,Underground Bar,,E09000009,34A King Street,Southall,,Southall Green,E05000190,-0.38165322439311467,512320.0001221001,51.4999003380092,179180.00012210011,Ealing,Pubs,E09000009,11/27/2022
Ealing,,Lamb,,E09000009,137 Norwood Road,Norwood Green,Southall,Norwood Green,E05000186,-0.3734648148406794,512897.0001221001,51.496369587200995,178800.00012210011,Ealing,Pubs,E09000009,11/27/2022
Ealing,,Wolf,,E09000009,170 Norwood Road,Norwood Green,,Norwood Green,E05000186,-0.3741589421898667,512849.0001221001,51.49629827315256,178791.00012210011,Ealing,Pubs,E09000009,11/27/2022
Ealing,,Plough,,E09000009,Tentelow Lane,Norwood Green,Southall,Norwood Green,E05000186,-0.36442230061243813,513529.0001221001,51.49459803345128,178617.00012210011,Ealing,Pubs,E09000009,11/27/2022
Ealing,,Scotsman,,E09000009,96 Scotts Road,Southall,,Southall Green,E05000190,-0.3908361261919093,511678.0001221001,51.501825364968354,179380.00012210011,Ealing,Pubs,E09000009,11/27/2022
Ealing,,Prince Of Wales,,E09000009,202 Western Road,Southall,,Southall Green,E05000190,-0.3898182174392698,511756.0001221001,51.49881662330836,179047.00012210011,Ealing,Pubs,E09000009,11/27/2022
Ealing,,Old Oak Tree,,E09000009,The Common,Southall,,Southall Green,E05000190,-0.3861039537027283,512024.0001221001,51.49464662822606,178589.00012210011,Ealing,Pubs,E09000009,11/27/2022
Ealing,,Greenwood Hotel,,E09000009,674 Whitton Avenue West,Northolt,Wood End,North Greenford,E05000183,-0.3510297667695873,514313.0001221001,51.55267811801484,185096.00012210011,Ealing,Pubs,E09000009,11/27/2022
Ealing,,Harvester,,E09000009,59 Mandeville Road,Northolt,,Northolt Mandeville,E05000184,-0.36426230588183695,513406.0001221001,51.54854659738785,184616.00012210011,Ealing,Pubs,E09000009,11/27/2022
Ealing,,Office,,E09000009,17 Oldfield Circus,Northolt,,Greenford Green,E05000178,-0.34857236932385544,514487.0001221001,51.55122261551847,184938.00012210011,Ealing,Pubs,E09000009,11/27/2022
Ealing,,The Bar,,E09000009,266 Church Road,Northolt,,Northolt West End,E05000185,-0.37805387512418254,512466.0001221001,51.54201113175587,183868.00012210011,Ealing,Pubs,E09000009,11/27/2022
Ealing,,Crown,,E09000009,Ealing Road,Northolt,,Northolt Mandeville,E05000184,-0.367983551719057,513158.0001221001,51.544524477615084,184163.00012210011,Ealing,Pubs,E09000009,11/27/2022
Ealing,,Civil Engineer,,E09000009,500 Ruislip Road,Greenford,Northolt,Greenford Broadway,E05000177,-0.3743638457926576,512747.0001221001,51.53183363664604,182742.00012210011,Ealing,Pubs,E09000009,11/27/2022
Ealing,,Tyme On The Waterfront,,E09000009,9 Higham Mews,Northolt,,Greenford Broadway,E05000177,-0.37663728477761294,512597.0001221001,51.52872646942326,182393.00012210011,Ealing,Pubs,E09000009,11/27/2022
Ealing,,Railway,,E09000009,390 Oldfield Lane North,Greenford,,Greenford Green,E05000178,-0.3433408261219232,514871.0001221001,51.54274912951613,184004.00012210011,Ealing,Pubs,E09000009,11/27/2022
Ealing,,Black Horse,,E09000009,425 Oldfield Lane North,Greenford,,Greenford Green,E05000178,-0.3429776870829282,514885.0001221001,51.547186684325325,184498.00012210011,Ealing,Pubs,E09000009,11/27/2022
Ealing,,Dugout Sports Bar,,E09000009,1286 Greenford Road,Greenford,,North Greenford,E05000183,-0.3378056690075563,515238.0001221001,51.54938881834466,184751.00012210011,Ealing,Pubs,E09000009,11/27/2022
Ealing,,Yard,,E09000009,1211 Greenford Road,Greenford,,North Greenford,E05000183,-0.3353350414492939,515394.0001221001,51.5554242537497,185426.00012210011,Ealing,Pubs,E09000009,11/27/2022
Ealing,,Horsenden Hill Golf & Footgolf Centre,,E09000009,Woodland Rise,Greenford,,North Greenford,E05000183,-0.3217507948389116,516353.0001221001,51.54860265844427,184689.00012210011,Ealing,Pubs,E09000009,11/27/2022
Ealing,,Ballot Box,,E09000009,Horsenden Lane North,Perivale,Greenford,North Greenford,E05000183,-0.3280439232359086,515917.0001221001,51.54849466434263,184667.00012210011,Ealing,Pubs,E09000009,11/27/2022
Ealing,,Bridge Hotel,,E09000009,Western Avenue,Greenford,,Greenford Green,E05000178,-0.34396430223023033,514845.0001221001,51.53590504287458,183242.00012210011,Ealing,Pubs,E09000009,11/27/2022
Ealing,,Myllet Arms,,E09000009,Western Avenue,Perivale,Greenford,Perivale,E05000187,-0.32155000184480736,516408.0001221001,51.5325017516774,182899.00012210011,Ealing,Pubs,E09000009,11/27/2022
Ealing,,Three Wishes,,E09000009,5 The Broadway,Greenford,,Greenford Broadway,E05000177,-0.35198341934124283,514311.0001221001,51.527087636426636,182249.00012210011,Ealing,Pubs,E09000009,11/27/2022
Ealing,,Wishing Well,,E09000009,10 The Broadway,Greenford,,Greenford Broadway,E05000177,-0.35115260077685745,514368.0001221001,51.527336766038296,182278.00012210011,Ealing,Pubs,E09000009,11/27/2022
Ealing,,Belmullet Tavern,,E09000009,2 Ruislip Road,Greenford,,Greenford Broadway,E05000177,-0.35588090944176237,514038.0001221001,51.52815857518697,182362.00012210011,Ealing,Pubs,E09000009,11/27/2022
Ealing,,Hare & Hounds,,E09000009,229 Ruislip Road,Greenford,,Greenford Broadway,E05000177,-0.36557122468031356,513358.0001221001,51.531342726703755,182701.00012210011,Ealing,Pubs,E09000009,11/27/2022
Ealing,,Old Hat,,E09000009,128 Broadway,West Ealing,,Elthorne,E05000176,-0.323108895289697,516358.0001221001,51.509698948877194,180361.00012210011,Ealing,Pubs,E09000009,11/27/2022
Ealing,,Hennessys,,E09000009,138 Broadway,West Ealing,,Elthorne,E05000176,-0.32636415478223096,516133.0001221001,51.509358735248746,180318.00012210011,Ealing,Pubs,E09000009,11/27/2022
Ealing,,Duke Of Kent,,E09000009,2 Scotch Common,West Ealing,London,Cleveland,E05000171,-0.3185822055568628,516635.0001221001,51.524212358563595,181982.00012210011,Ealing,Pubs,E09000009,11/27/2022
Ealing,,Drayton Court Hotel,,E09000009,2 The Avenue,West Ealing,London,Ealing Broadway,E05000173,-0.31771106217230644,516721.0001221001,51.51420825613508,180871.00012210011,Ealing,Pubs,E09000009,11/27/2022
Ealing,,Castlebar,,E09000009,84 Uxbridge Road,West Ealing,,Ealing Broadway,E05000173,-0.3134535603849205,517024.0001221001,51.511233258973625,180547.00012210011,Ealing,Pubs,E09000009,11/27/2022
Ealing,,Star & Anchor,,E09000009,94 Uxbridge Road,West Ealing,London,Ealing Broadway,E05000173,-0.3134535603849205,517024.0001221001,51.511233258973625,180547.00012210011,Ealing,Pubs,E09000009,11/27/2022
Ealing,,Black George,,E09000009,181 Uxbridge Road,West Ealing,,Walpole,E05000192,-0.3161892621576338,516836.0001221001,51.51052611965642,180464.00012210011,Ealing,Pubs,E09000009,11/27/2022
Ealing,,Ashbys,,E09000009,123 Uxbridge Road,West Ealing,,Walpole,E05000192,-0.31430632048830764,516966.0001221001,51.51077786434209,180495.00012210011,Ealing,Pubs,E09000009,11/27/2022
Ealing,,O'Briens,,E09000009,137 Uxbridge Road,West Ealing,,Walpole,E05000192,-0.31430632048830764,516966.0001221001,51.51077786434209,180495.00012210011,Ealing,Pubs,E09000009,11/27/2022
Ealing,,Forester,,E09000009,2 Leighton Road,West Ealing,,Walpole,E05000192,-0.3195174529317373,516618.0001221001,51.50546562701605,179896.00012210011,Ealing,Pubs,E09000009,11/27/2022
Ealing,,Pasha Kitchen,,E09000009,78-80 Northfield Avenue,West Ealing,London,Walpole,E05000192,-0.31679639081030714,516812.0001221001,51.50343906825125,179675.00012210011,Ealing,Pubs,E09000009,11/27/2022
Ealing,,Owl & The Pussycat,,E09000009,106 Northfield Avenue,Northfields,London,Walpole,E05000192,-0.31535334758568845,516915.0001221001,51.50232115533872,179553.00012210011,Ealing,Pubs,E09000009,11/27/2022
Ealing,,Players,,E09000009,184 Northfield Avenue,West Ealing,,Walpole,E05000192,-0.3143919461737908,516985.0001221001,51.501039274029935,179412.00012210011,Ealing,Pubs,E09000009,11/27/2022
Ealing,,Stag,,E09000009,177 Acton Lane,Chiswick,London,Southfield,E05000191,-0.2629409438423472,520560.0001221001,51.49936209586847,179309.00012210011,Ealing,Pubs,E09000009,11/27/2022
Ealing,,Chiquito,,E09000009,Royal Leisure Park,Park Royal,London,East Acton,E05000175,-0.2797497374642355,519327.0001221001,51.52479139949162,182109.00012210011,Ealing,Pubs,E09000009,11/27/2022
Ealing,,Tenpin Acton,,E09000009,"Royale Leisure Park, Western Avenue",Park Royal,London,East Acton,E05000175,-0.2797497374642355,519327.0001221001,51.52479139949162,182109.00012210011,Ealing,Pubs,E09000009,11/27/2022
Ealing,,Rocket,,E09000009,11 Churchfield Road,Acton,London,Acton Central,E05000170,-0.26292449756732883,520538.0001221001,51.50813044497685,180284.00012210011,Ealing,Pubs,E09000009,11/27/2022
Ealing,,Station House,,E09000009,"Station Buildings, Churchfield Road",Acton,London,Acton Central,E05000170,-0.2617670545340505,520618.0001221001,51.50824819618614,180299.00012210011,Ealing,Pubs,E09000009,11/27/2022
Ealing,,Windmill,,E09000009,50 High Street,Acton,London,Acton Central,E05000170,-0.26447949264337717,520435.0001221001,51.50627384257114,180075.00012210011,Ealing,Pubs,E09000009,11/27/2022
Ealing,,Mendes (The Sheep Walk),,E09000009,14 Market Place,Acton,London,Acton Central,E05000170,-0.2694653911558989,520086.0001221001,51.50742673427894,180195.00012210011,Ealing,Pubs,E09000009,11/27/2022
Ealing,,Belvedere,,E09000009,106 High Street,Acton,London,Acton Central,E05000170,-0.26699700697556733,520260.0001221001,51.50639201372419,180084.00012210011,Ealing,Pubs,E09000009,11/27/2022
Ealing,,Castle,,E09000009,140 Victoria Road,North Acton,London,East Acton,E05000175,-0.257535321283152,520875.0001221001,51.52208022754001,181844.00012210011,Ealing,Pubs,E09000009,11/27/2022
Ealing,,Wishing Well,,E09000009,61 Old Oak Common Lane,East Acton,London,East Acton,E05000175,-0.24808006749970682,521552.0001221001,51.51414207403216,180977.00012210011,Ealing,Pubs,E09000009,11/27/2022
Ealing,,Talbot,,E09000009,1 Mill Hill Road,Acton,London,South Acton,E05000188,-0.27232466469331057,519892.0001221001,51.505751150406745,180004.00012210011,Ealing,Pubs,E09000009,11/27/2022
Ealing,,Aeronaut,,E09000009,264 Acton High Street,Acton,London,South Acton,E05000188,-0.2742153701790182,519755.0001221001,51.507964388928414,180247.00012210011,Ealing,Pubs,E09000009,11/27/2022
Ealing,,Chatsworth Bar,,E09000009,290 High Street,Acton,London,South Acton,E05000188,-0.2752953258820081,519680.0001221001,51.50798927000096,180248.00012210011,Ealing,Pubs,E09000009,11/27/2022
Ealing,,Red Lion & Pineapple,,E09000009,281 High Street,Acton,London,South Acton,E05000188,-0.2753912540895817,519674.0001221001,51.5077388652945,180220.00012210011,Ealing,Pubs,E09000009,11/27/2022
Ealing,,Six Bells,,E09000009,211 High Street,Acton,London,South Acton,E05000188,-0.27101396613080136,519980.0001221001,51.50687399719112,180131.00012210011,Ealing,Pubs,E09000009,11/27/2022
Ealing,,George & Dragon,,E09000009,183 High Street,Acton,London,South Acton,E05000188,-0.2701260527471294,520042.0001221001,51.506726001665825,180116.00012210011,Ealing,Pubs,E09000009,11/27/2022
Ealing,,Kings Head Hotel & Pub,,E09000009,214 High Street,Acton,London,Acton Central,E05000170,-0.27179743606686274,519924.0001221001,51.50749709779154,180199.00012210011,Ealing,Pubs,E09000009,11/27/2022
Ealing,,Swan,,E09000009,"1 Evershed Walk, 119 Acton Lane",Acton Green,London,Southfield,E05000191,-0.26403925359608976,520489.0001221001,51.4973818177454,179087.00012210011,Ealing,Pubs,E09000009,11/27/2022
Ealing,,Duke of Sussex,,E09000009,75 South Parade,Chiswick,London,Southfield,E05000191,-0.26285652023614997,520575.0001221001,51.495898371984865,178924.00012210011,Ealing,Pubs,E09000009,11/27/2022
Ealing,,Bollo,,E09000009,13 Bollo Lane,Chiswick,London,Southfield,E05000191,-0.2684775665892455,520186.0001221001,51.49546888379881,178867.00012210011,Ealing,Pubs,E09000009,11/27/2022
Ealing,,Lavins,,E09000009,97 Uxbridge Road,Hanwell,London,Elthorne,E05000176,-0.33474321688711006,515554.0001221001,51.50841679770837,180200.00012210011,Ealing,Pubs,E09000009,11/27/2022
Ealing,,Fox & Goose,,E09000009,Hanger Lane,Ealing,Hanger Lane,Hanger Hill,E05000179,-0.29421932262260553,518302.0001221001,51.5330337986814,183002.00012210011,Ealing,Pubs,E09000009,11/27/2022
Ealing,,Village Inn,,E09000009,122-4 Pitshanger Lane,Ealing,Pitshanger,Cleveland,E05000171,-0.3111783359841128,517144.0001221001,51.52598559575936,182191.00012210011,Ealing,Pubs,E09000009,11/27/2022
Ealing,,Harrison's - Delicatessen & Vintners,,E09000009,60 Pitshanger Lane,Ealing,Pitshanger,Cleveland,E05000171,-0.314765133296316,516897.0001221001,51.52529073793622,182108.00012210011,Ealing,Pubs,E09000009,11/27/2022
Ealing,,Benet Club,,E09000009,"St Benedicts Church, Marchwood Crescent",Ealing,London,Ealing Broadway,E05000173,-0.30583221515764364,517532.0001221001,51.5193073738271,181457.00012210011,Ealing,Pubs,E09000009,11/27/2022
Ealing,,Haven Arms,,E09000009,33 Haven Lane,Ealing,London,Ealing Broadway,E05000173,-0.2982651617078852,518064.0001221001,51.516571759728244,181165.00012210011,Ealing,Pubs,E09000009,11/27/2022
Ealing,,Wheatsheaf,,E09000009,41 Haven Lane,Ealing,,Ealing Broadway,E05000173,-0.2982651617078852,518064.0001221001,51.516571759728244,181165.00012210011,Ealing,Pubs,E09000009,11/27/2022
Ealing,,Shanakee,,E09000009,"9-10 Central Buildings, The Broadway",Ealing,,Ealing Broadway,E05000173,-0.3009195658573059,517886.0001221001,51.51419102745995,180896.00012210011,Ealing,Pubs,E09000009,11/27/2022
Ealing,,No 17 Dickens Yard,,E09000009,"Unit 17, Dickens Yard, Longfield Avenue",Ealing,London,Ealing Broadway,E05000173,-0.30539334881925145,517578.0001221001,51.51326648501447,180786.00012210011,Ealing,Pubs,E09000009,11/27/2022
Ealing,,Attic,,E09000009,8 Hanger Green,Ealing,Hanger Hill,Hanger Hill,E05000179,-0.28331237662920383,519076.0001221001,51.52628253794405,182269.00012210011,Ealing,Pubs,E09000009,11/27/2022
Ealing,,Greystoke,,E09000009,7 Queens Parade,North Ealing,London,Hanger Hill,E05000179,-0.28912023149001603,518699.0001221001,51.51634877806161,181155.00012210011,Ealing,Pubs,E09000009,11/27/2022
Ealing,,Jonos,,E09000009,"13 Station Parade, Uxbridge Road",Ealing,Ealing Common,South Acton,E05000188,-0.2854771806091469,518969.0001221001,51.50972140798711,180424.00012210011,Ealing,Pubs,E09000009,11/27/2022
Ealing,,Common Room,,E09000009,3-4 Grosvenor Parade,Ealing,Ealing Common,South Acton,E05000188,-0.2847082263900054,519024.0001221001,51.50908961915446,180355.00012210011,Ealing,Pubs,E09000009,11/27/2022
Ealing,,Lodge Tavern,,E09000009,53 The Mall,Ealing,,Ealing Common,E05000174,-0.2984715334245529,518058.0001221001,51.51335512566269,180807.00012210011,Ealing,Pubs,E09000009,11/27/2022
Ealing,,Sir Michael Balcon,,E09000009,46-47 The Mall,Ealing,,Ealing Common,E05000174,-0.2965036544676473,518196.0001221001,51.51278695554936,180747.00012210011,Ealing,Pubs,E09000009,11/27/2022
Ealing,,Grange Tavern,,E09000009,29 The Common,Ealing,Ealing Common,Ealing Common,E05000174,-0.2962938270904246,518225.0001221001,51.50720800925358,180127.00012210011,Ealing,Pubs,E09000009,11/27/2022
Ealing,,Roddy's Bar,,E09000009,"4 The Quadrant, Little Ealing Road",Ealing,South Ealing,Northfield,E05000182,-0.30462293935055273,517671.0001221001,51.497912641134896,179080.00012210011,Ealing,Pubs,E09000009,11/27/2022
Ealing,,Rose & Crown,,E09000009,"Church Place, St Marys Road",Ealing,,Ealing Common,E05000174,-0.303972941663502,517702.0001221001,51.50338920938286,179690.00012210011,Ealing,Pubs,E09000009,11/27/2022
Ealing,,West Five,,E09000009,25 Popes Lane,Ealing,South Ealing,Ealing Common,E05000174,-0.3007196572341111,517940.0001221001,51.498647562284745,179168.00012210011,Ealing,Pubs,E09000009,11/27/2022
Ealing,,Ealing Park Tavern,,E09000009,222 South Ealing Road,South Ealing,,Northfield,E05000182,-0.3044601325756169,517689.0001221001,51.49531119616409,178791.00012210011,Ealing,Pubs,E09000009,11/27/2022
Ealing,,T J Duffys,,E09000009,282 Northfield Avenue,Ealing,Northfields,Northfield,E05000182,-0.3123290309378831,517137.0001221001,51.49759211805768,179032.00012210011,Ealing,Pubs,E09000009,11/27/2022
Ealing,,Plough,,E09000009,297 Northfield Avenue,Ealing,Northfields,Northfield,E05000182,-0.31116066812404836,517220.0001221001,51.496846832778964,178951.00012210011,Ealing,Pubs,E09000009,11/27/2022
Ealing,,Drapers Arms,,E09000009,25 High Street,Ealing,London,Ealing Broadway,E05000173,-0.30336161913283194,517723.0001221001,51.5116992433236,180615.00012210011,Ealing,Pubs,E09000009,11/27/2022
Ealing,,Kings Arms,,E09000009,55 The Grove,Ealing,London,Ealing Broadway,E05000173,-0.300927051599939,517895.0001221001,51.51050385165904,180486.00012210011,Ealing,Pubs,E09000009,11/27/2022
Ealing,,Castle Inn,,E09000009,36 St Marys Road,Ealing,,Walpole,E05000192,-0.30387609195245385,517703.0001221001,51.505609174521545,179937.00012210011,Ealing,Pubs,E09000009,11/27/2022
Ealing,,New Inn,,E09000009,62 St Marys Road,Ealing,,Walpole,E05000192,-0.3047746041467013,517644.0001221001,51.5043091326032,179791.00012210011,Ealing,Pubs,E09000009,11/27/2022
Ealing,,North Star,,E09000009,43 The Broadway,Ealing,London,Ealing Broadway,E05000173,-0.30135033194250255,517859.0001221001,51.513073095613976,180771.00012210011,Ealing,Pubs,E09000009,11/27/2022
Ealing,,Grove,,E09000009,1 Ealing Green,Ealing,,Ealing Common,E05000174,-0.3035201849774661,517717.0001221001,51.50975896800324,180399.00012210011,Ealing,Pubs,E09000009,11/27/2022
Ealing,,Red Lion,,E09000009,13 St Marys Road,Ealing,,Ealing Common,E05000174,-0.3033872691666969,517732.0001221001,51.507517693866006,180150.00012210011,Ealing,Pubs,E09000009,11/27/2022
Ealing,,Brogue,,E09000009,"7 Boston Parade, Boston Road",Hanwell,,Northfield,E05000182,-0.32411597824889476,516322.0001221001,51.496394170644095,178880.00012210011,Ealing,Pubs,E09000009,11/27/2022
Ealing,,Grosvenor,,E09000009,127 Oaklands Road,Hanwell,London,Elthorne,E05000176,-0.3275054857679483,516063.0001221001,51.50574170196016,179914.00012210011,Ealing,Pubs,E09000009,11/27/2022
Ealing,,Village Inn,,E09000009,66 Boston Road,Hanwell,London,Elthorne,E05000176,-0.33538202421708835,515518.0001221001,51.505125307882196,179833.00012210011,Ealing,Pubs,E09000009,11/27/2022
Ealing,,Fox,,E09000009,Green Lane,Hanwell,London,Elthorne,E05000176,-0.341849028806406,515073.0001221001,51.5036340963677,179657.00012210011,Ealing,Pubs,E09000009,11/27/2022
Ealing,,Brent Valley Golf Course Bar,,E09000009,"Brent Valley Golf Course, Church Road",Hanwell,,Hobbayne,E05000180,-0.3366848676932819,515407.0001221001,51.51327377642511,180737.00012210011,Ealing,Pubs,E09000009,11/27/2022
Ealing,,Duke Of York,,E09000009,161 Uxbridge Road,Hanwell,London,Elthorne,E05000176,-0.33669666787923586,515418.0001221001,51.50859740637382,180217.00012210011,Ealing,Pubs,E09000009,11/27/2022
Ealing,,Kings Arms,,E09000009,110 Uxbridge Road,Hanwell,London,Elthorne,E05000176,-0.3351724172431715,515525.0001221001,51.50810812423957,180165.00012210011,Ealing,Pubs,E09000009,11/27/2022
Ealing,,Viaduct,,E09000009,221 Uxbridge Road,Hanwell,,Elthorne,E05000176,-0.34053152959304633,515153.0001221001,51.508166092471605,180163.00012210011,Ealing,Pubs,E09000009,11/27/2022
Ealing,,Dodo Micropub,,E09000009,52 Boston Road,Hanwell,London,Elthorne,E05000176,-0.3360930135871799,515465.0001221001,51.506574333667466,179993.00012210011,Ealing,Pubs,E09000009,11/27/2022
Ealing,,Prince of Wales,,E09000009,62 Boston Road,Hanwell,London,Elthorne,E05000176,-0.3360930135871799,515465.0001221001,51.506574333667466,179993.00012210011,Ealing,Pubs,E09000009,11/27/2022
Ealing,,w7emporium,,E09000009,60b Boston Road,Hanwell,London,Elthorne,E05000176,-0.3360930135871799,515465.0001221001,51.506574333667466,179993.00012210011,Ealing,Pubs,E09000009,11/27/2022
Ealing,,Green W7,,E09000009,13 Lower Boston Road,Hanwell,,Elthorne,E05000176,-0.3377792585353956,515348.0001221001,51.50657126632719,179990.00012210011,Ealing,Pubs,E09000009,11/27/2022
Ealing,,Gurnell,0,E09000009,,,,Cleveland,E05000171,-0.32841565710792653,515941.0800780952,51.52887534531602,182484.86529539526,Ealing,Skate Parks,E09000009,11/27/2022
Ealing,https://www.embroidery-by-design.co.uk/,Embroidery BY Design Limited,12087939,E09000009,Unit 3,24 Wandsworth Road,,Perivale,E05000187,-0.31014782576258626,517192.0001221001,51.535125974615454,183209.00012210011,Ealing,Textile design,E09000009,11/27/2022
Ealing,https://www.impacttheatre.co/,Impact Studio Theatre,12077905,E09000009,2 Scorton Avenue,,,Perivale,E05000187,-0.32692935683734164,515914.7572105007,51.536649599877364,183405.2516184862,Ealing,Theatre rehearsal studio,E09000009,11/27/2022
Ealing,www.questors.org.uk,Questors Theatre,12084402,E09000009,12 Mattock Lane,,,Walpole,E05000192,-0.30965662431520685,517176.407127736,51.51170888596852,180659.8430943266,Ealing,Theatre rehearsal studio,E09000009,11/27/2022
Ealing,NA,Grange Court Theatre ,12084359,E09000009,Drama Studio London, Grange Court,NA,Ealing Common,E05000174,-0.3054568839768728,517472.3670908986,51.509917155602686,180467.37932247098,Ealing,Theatres,E09000009,11/27/2022
Ealing,http://www.questors.org.uk/,The Questors Theatre,12084402,E09000009,12 Mattock Ln,NA,NA,Walpole,E05000192,-0.31124231002353125,517065.1005253757,51.51221678004136,180713.76967865106,Ealing,Theatres,E09000009,11/27/2022
Hounslow,http://tabardtheatre.co.uk/,Tabard Theatre,10091854897,E09000018,2 Bath Rd, Chiswick,NA,Chiswick Homefields,E05000348,-0.25505657114590613,521004.6883802211,51.496432560875355,179050.3647215207,Ealing,Theatres,E09000009,11/27/2022
Hounslow,http://www.reallyusefultheatres.co.uk/our-group/andrew-lloyd-webber,Andrew Lloyd Webber Foundation Theatre,200003000000,E09000018,Arts Ed, 14 Bath Rd, Chiswick,Chiswick Homefields,E05000348,-0.2540036758023545,521077.65496072697,51.496470580233506,179056.33520552283,Ealing,Theatres,E09000009,11/27/2022
